ID_GAME,ID_DATE,ID_ROUND_NUMBER,ID_ROUND,ID_HOME_TEAM,ID_AWAY_TEAM,ID_HOME_CLUB,ID_AWAY_CLUB,PREDICTED_RESULT,SIMULATED_RESULT,PRED_W_PROB,PRED_D_PROB,PRED_L_PROB,ACTUAL_RESULT
4361261,2024-08-16,1.0,1. Matchday,Manchester United Football Club,Fulham Football Club,985.0,931.0,W,W,0.8425035046589815,0.09779598686763784,0.05970050847338062,W
4361262,2024-08-17,1.0,1. Matchday,Ipswich Town Football Club,Liverpool Football Club,677.0,31.0,L,L,0.017868340481067335,0.07155762850700444,0.9105740310119282,L
4361263,2024-08-17,1.0,1. Matchday,Arsenal Football Club,Wolverhampton Wanderers Football Club,11.0,543.0,W,D,0.9127236970725376,0.07884983056906812,0.00842647235839413,W
4361264,2024-08-17,1.0,1. Matchday,Everton Football Club,Brighton and Hove Albion Football Club,29.0,1237.0,L,L,0.014124173365575372,0.0428271013277862,0.9430487253066385,L
4361265,2024-08-17,1.0,1. Matchday,Newcastle United Football Club,Southampton Football Club,762.0,180.0,W,W,0.8539468270035107,0.0920698759283765,0.053983297068112966,W
4361266,2024-08-17,1.0,1. Matchday,Nottingham Forest Football Club,Association Football Club Bournemouth,703.0,989.0,W,D,0.42358545140790343,0.20742889565501488,0.3689856529370817,D
4361267,2024-08-17,1.0,1. Matchday,West Ham United Football Club,Aston Villa Football Club,379.0,405.0,L,L,0.19585106583439,0.13954740018337464,0.6646015339822354,L
4361268,2024-08-18,1.0,1. Matchday,Brentford Football Club,Crystal Palace Football Club,1148.0,873.0,W,W,0.8206226069167717,0.11954024494630536,0.059837148136922834,W
4361269,2024-08-18,1.0,1. Matchday,Chelsea Football Club,Manchester City Football Club,631.0,281.0,L,L,0.052456621772186185,0.12516246559585997,0.8223809126319538,L
4361270,2024-08-19,1.0,1. Matchday,Leicester City Football Club,Tottenham Hotspur Football Club,1003.0,148.0,W,W,0.6381142491050931,0.14736418726118458,0.21452156363372243,D
4361272,2024-08-24,2.0,2. Matchday,Aston Villa Football Club,Arsenal Football Club,405.0,11.0,L,L,0.23262538124901508,0.12346198309381039,0.6439126356571745,L
4361273,2024-08-24,2.0,2. Matchday,Brighton and Hove Albion Football Club,Manchester United Football Club,1237.0,985.0,W,D,0.6750137576650896,0.1591341688306397,0.16585207350427073,W
4361274,2024-08-24,2.0,2. Matchday,Crystal Palace Football Club,West Ham United Football Club,873.0,379.0,L,L,0.28005239291556494,0.33068904292277584,0.38925856416165905,L
4361275,2024-08-24,2.0,2. Matchday,Fulham Football Club,Leicester City Football Club,931.0,1003.0,W,L,0.548009868042004,0.2745158815946204,0.17747425036337558,W
4361277,2024-08-24,2.0,2. Matchday,Manchester City Football Club,Ipswich Town Football Club,281.0,677.0,W,W,0.9952201820558557,0.003873138694168583,0.0009066792499757748,W
4361278,2024-08-24,2.0,2. Matchday,Southampton Football Club,Nottingham Forest Football Club,180.0,703.0,L,L,0.23160092203232038,0.26477476949597417,0.5036243084717055,L
4361279,2024-08-24,2.0,2. Matchday,Tottenham Hotspur Football Club,Everton Football Club,148.0,29.0,W,W,0.9065351684949702,0.07669794746721588,0.01676688403781397,W
4361271,2024-08-25,2.0,2. Matchday,Association Football Club Bournemouth,Newcastle United Football Club,989.0,762.0,L,L,0.2058837016787226,0.21936655884132414,0.5747497394799533,D
4361276,2024-08-25,2.0,2. Matchday,Liverpool Football Club,Brentford Football Club,31.0,1148.0,W,W,0.8331017479283056,0.10701066899602037,0.059887583075673975,W
4361280,2024-08-25,2.0,2. Matchday,Wolverhampton Wanderers Football Club,Chelsea Football Club,543.0,631.0,L,L,0.1530166027499318,0.13609497703837625,0.710888420211692,L
4361290,2024-08-31,3.0,3. Matchday,Arsenal Football Club,Brighton and Hove Albion Football Club,11.0,1237.0,W,W,0.6082454676479448,0.23564151845227452,0.1561130138997807,D
4361291,2024-08-31,3.0,3. Matchday,Brentford Football Club,Southampton Football Club,1148.0,180.0,W,W,0.7459690298229166,0.17950129747839497,0.07452967269868856,W
4361293,2024-08-31,3.0,3. Matchday,Everton Football Club,Association Football Club Bournemouth,29.0,989.0,L,L,0.054825126704560426,0.15765917057993611,0.7875157027155034,L
4361294,2024-08-31,3.0,3. Matchday,Ipswich Town Football Club,Fulham Football Club,677.0,931.0,L,L,0.15394337830199314,0.23586431429908508,0.6101923073989217,D
4361295,2024-08-31,3.0,3. Matchday,Leicester City Football Club,Aston Villa Football Club,1003.0,405.0,L,W,0.2849632886109026,0.3012060151609101,0.41383069622818736,L
4361298,2024-08-31,3.0,3. Matchday,Nottingham Forest Football Club,Wolverhampton Wanderers Football Club,703.0,543.0,W,W,0.6592221600989709,0.2184480038941251,0.12232983600690397,D
4361299,2024-08-31,3.0,3. Matchday,West Ham United Football Club,Manchester City Football Club,379.0,281.0,L,L,0.03718366262927902,0.1127550883340364,0.8500612490366846,L
4361292,2024-09-01,3.0,3. Matchday,Chelsea Football Club,Crystal Palace Football Club,631.0,873.0,W,D,0.6023975858750185,0.29200085400561315,0.10560156011936832,D
4361296,2024-09-01,3.0,3. Matchday,Manchester United Football Club,Liverpool Football Club,985.0,31.0,L,D,0.15041975974088248,0.19265201309464058,0.6569282271644767,L
4361297,2024-09-01,3.0,3. Matchday,Newcastle United Football Club,Tottenham Hotspur Football Club,762.0,148.0,W,W,0.5856951106730951,0.2979920048065377,0.11631288452036719,W
4361350,2024-09-14,4.0,4. Matchday,Association Football Club Bournemouth,Chelsea Football Club,989.0,631.0,L,W,0.2988781032073275,0.22777326431680078,0.4733486324758717,L
4361351,2024-09-14,4.0,4. Matchday,Aston Villa Football Club,Everton Football Club,405.0,29.0,W,W,0.88969424266672,0.09054692756080905,0.019758829772471006,W
4361352,2024-09-14,4.0,4. Matchday,Brighton and Hove Albion Football Club,Ipswich Town Football Club,1237.0,677.0,W,W,0.8483222986956401,0.12050884457769713,0.031168856726662635,D
4361353,2024-09-14,4.0,4. Matchday,Crystal Palace Football Club,Leicester City Football Club,873.0,1003.0,W,W,0.3808353272925224,0.2854452424432595,0.33371943026421813,D
4361354,2024-09-14,4.0,4. Matchday,Fulham Football Club,West Ham United Football Club,931.0,379.0,W,W,0.38727425413918093,0.3435463950240221,0.26917935083679695,D
4361355,2024-09-14,4.0,4. Matchday,Liverpool Football Club,Nottingham Forest Football Club,31.0,703.0,W,L,0.7081416063237658,0.20267397449489816,0.08918441918133609,L
4361356,2024-09-14,4.0,4. Matchday,Manchester City Football Club,Brentford Football Club,281.0,1148.0,W,W,0.8982893953923213,0.08542781319402488,0.016282791413653797,W
4361357,2024-09-14,4.0,4. Matchday,Southampton Football Club,Manchester United Football Club,180.0,985.0,L,D,0.26649400431613873,0.28367548062343084,0.4498305150604303,L
4361358,2024-09-15,4.0,4. Matchday,Tottenham Hotspur Football Club,Arsenal Football Club,148.0,11.0,L,L,0.16893361282477565,0.1455343598496305,0.6855320273255938,L
4361359,2024-09-15,4.0,4. Matchday,Wolverhampton Wanderers Football Club,Newcastle United Football Club,543.0,762.0,L,L,0.06585461749471275,0.17946616128826887,0.7546792212170185,L
4361360,2024-09-21,5.0,5. Matchday,Aston Villa Football Club,Wolverhampton Wanderers Football Club,405.0,543.0,W,W,0.8692359957013015,0.11731612402953731,0.0134478802691613,W
4361362,2024-09-21,5.0,5. Matchday,Crystal Palace Football Club,Manchester United Football Club,873.0,985.0,L,W,0.22139609239611524,0.22309915351895007,0.5555047540849347,D
4361363,2024-09-21,5.0,5. Matchday,Fulham Football Club,Newcastle United Football Club,931.0,762.0,L,L,0.17095997063339613,0.1365194571034103,0.6925205722631936,W
4361364,2024-09-21,5.0,5. Matchday,Leicester City Football Club,Everton Football Club,1003.0,29.0,W,W,0.5490323466484334,0.28753133089293714,0.16343632245862943,D
4361365,2024-09-21,5.0,5. Matchday,Liverpool Football Club,Association Football Club Bournemouth,31.0,989.0,W,W,0.8306345123502881,0.1381242189222688,0.031241268727442994,W
4361367,2024-09-21,5.0,5. Matchday,Southampton Football Club,Ipswich Town Football Club,180.0,677.0,W,W,0.5221466385675757,0.2398626106437122,0.23799075078871199,D
4361368,2024-09-21,5.0,5. Matchday,Tottenham Hotspur Football Club,Brentford Football Club,148.0,1148.0,W,W,0.5907866044254322,0.2815044875031976,0.12770890807137023,W
4361369,2024-09-21,5.0,5. Matchday,West Ham United Football Club,Chelsea Football Club,379.0,631.0,L,L,0.1490365949998765,0.14653224898032235,0.7044311560198011,L
4361361,2024-09-22,5.0,5. Matchday,Brighton and Hove Albion Football Club,Nottingham Forest Football Club,1237.0,703.0,W,D,0.388367190078223,0.32020536882498857,0.29142744109678836,D
4361366,2024-09-22,5.0,5. Matchday,Manchester City Football Club,Arsenal Football Club,281.0,11.0,W,L,0.5276467669954755,0.10896672764266954,0.36338650536185496,D
4361371,2024-09-28,6.0,6. Matchday,Arsenal Football Club,Leicester City Football Club,11.0,1003.0,W,W,0.9685655896725305,0.023060147980394533,0.008374262347074956,W
4361372,2024-09-28,6.0,6. Matchday,Brentford Football Club,West Ham United Football Club,1148.0,379.0,L,L,0.3064514403902113,0.31815712796791096,0.37539143164187777,D
4361373,2024-09-28,6.0,6. Matchday,Chelsea Football Club,Brighton and Hove Albion Football Club,631.0,1237.0,W,W,0.7075986744029807,0.1510857515380244,0.14131557405899484,W
4361374,2024-09-28,6.0,6. Matchday,Everton Football Club,Crystal Palace Football Club,29.0,873.0,W,D,0.5249155509153826,0.2571191838826397,0.2179652652019777,W
4361377,2024-09-28,6.0,6. Matchday,Newcastle United Football Club,Manchester City Football Club,762.0,281.0,W,D,0.4847890065083109,0.19264158176885676,0.32256941172283243,D
4361378,2024-09-28,6.0,6. Matchday,Nottingham Forest Football Club,Fulham Football Club,703.0,931.0,L,L,0.3875888461913549,0.16426695553164242,0.44814419827700275,L
4361379,2024-09-28,6.0,6. Matchday,Wolverhampton Wanderers Football Club,Liverpool Football Club,543.0,31.0,L,L,0.022484731246350424,0.091321494394192,0.8861937743594576,L
4361375,2024-09-29,6.0,6. Matchday,Ipswich Town Football Club,Aston Villa Football Club,677.0,405.0,L,L,0.12432797009282187,0.23007576821224487,0.6455962616949332,D
4361376,2024-09-29,6.0,6. Matchday,Manchester United Football Club,Tottenham Hotspur Football Club,985.0,148.0,L,L,0.09338601542492059,0.14606173884196685,0.7605522457331126,L
4361370,2024-09-30,6.0,6. Matchday,Association Football Club Bournemouth,Southampton Football Club,989.0,180.0,W,W,0.8432038928075574,0.11214005128221252,0.04465605591023012,W
4361380,2024-10-05,7.0,7. Matchday,Arsenal Football Club,Southampton Football Club,11.0,180.0,W,D,0.8904930778480409,0.09275566017610261,0.016751261975856427,W
4361382,2024-10-05,7.0,7. Matchday,Brentford Football Club,Wolverhampton Wanderers Football Club,1148.0,543.0,W,W,0.6071838428284041,0.24769266889987443,0.14512348827172156,W
4361385,2024-10-05,7.0,7. Matchday,Crystal Palace Football Club,Liverpool Football Club,873.0,31.0,L,L,0.06800003050159761,0.24545665698371993,0.6865433125146824,L
4361386,2024-10-05,7.0,7. Matchday,Everton Football Club,Newcastle United Football Club,29.0,762.0,L,L,0.10261530258277772,0.14192761671474546,0.7554570807024767,D
4361387,2024-10-05,7.0,7. Matchday,Leicester City Football Club,Association Football Club Bournemouth,1003.0,989.0,L,W,0.20024849508394002,0.27431499629393635,0.5254365086221235,W
4361388,2024-10-05,7.0,7. Matchday,Manchester City Football Club,Fulham Football Club,281.0,931.0,W,W,0.7326888442146342,0.07569382311196729,0.1916173326733985,W
4361389,2024-10-05,7.0,7. Matchday,West Ham United Football Club,Ipswich Town Football Club,379.0,677.0,W,W,0.7132341256603755,0.20781722202838104,0.0789486523112434,W
4361381,2024-10-06,7.0,7. Matchday,Aston Villa Football Club,Manchester United Football Club,405.0,985.0,W,D,0.77734343101131,0.16586241689478595,0.05679415209390414,D
4361383,2024-10-06,7.0,7. Matchday,Brighton and Hove Albion Football Club,Tottenham Hotspur Football Club,1237.0,148.0,L,L,0.364846532572396,0.23599605977619986,0.3991574076514042,W
4361384,2024-10-06,7.0,7. Matchday,Chelsea Football Club,Nottingham Forest Football Club,631.0,703.0,W,W,0.5600549168204306,0.25493721875316183,0.18500786442640757,D
4361390,2024-10-19,8.0,8. Matchday,Association Football Club Bournemouth,Arsenal Football Club,989.0,11.0,W,W,0.34881141338671334,0.30420493074424737,0.34698365586903934,W
4361391,2024-10-19,8.0,8. Matchday,Fulham Football Club,Aston Villa Football Club,931.0,405.0,L,W,0.22995017101439977,0.2887587493757035,0.4812910796098967,L
4361392,2024-10-19,8.0,8. Matchday,Ipswich Town Football Club,Everton Football Club,677.0,29.0,L,W,0.30046788618139336,0.24788212745266433,0.4516499863659424,L
4361394,2024-10-19,8.0,8. Matchday,Manchester United Football Club,Brentford Football Club,985.0,1148.0,W,W,0.5570027329442747,0.20239734388999936,0.24059992316572595,W
4361395,2024-10-19,8.0,8. Matchday,Newcastle United Football Club,Brighton and Hove Albion Football Club,762.0,1237.0,L,L,0.3790246317407728,0.19206923491125846,0.4289061333479688,L
4361397,2024-10-19,8.0,8. Matchday,Southampton Football Club,Leicester City Football Club,180.0,1003.0,D,D,0.24937301900759395,0.45612746735741816,0.2944995136349878,L
4361398,2024-10-19,8.0,8. Matchday,Tottenham Hotspur Football Club,West Ham United Football Club,148.0,379.0,W,W,0.6793395208084251,0.209474116406532,0.11118636278504293,W
4361393,2024-10-20,8.0,8. Matchday,Liverpool Football Club,Chelsea Football Club,31.0,631.0,W,W,0.797493597762152,0.16427101982799738,0.03823538240985064,W
4361399,2024-10-20,8.0,8. Matchday,Wolverhampton Wanderers Football Club,Manchester City Football Club,543.0,281.0,L,L,0.17531623044332173,0.21347080648592465,0.6112129630707537,L
4361396,2024-10-21,8.0,8. Matchday,Nottingham Forest Football Club,Crystal Palace Football Club,703.0,873.0,W,W,0.8334780688242456,0.13483785701802953,0.03168407415772499,W
4361406,2024-10-25,9.0,9. Matchday,Leicester City Football Club,Nottingham Forest Football Club,1003.0,703.0,L,D,0.13133597487253063,0.22858150030590063,0.6400825248215687,L
4361401,2024-10-26,9.0,9. Matchday,Aston Villa Football Club,Association Football Club Bournemouth,405.0,989.0,W,W,0.5558123052212356,0.3125091891404318,0.13167850563833264,D
4361402,2024-10-26,9.0,9. Matchday,Brentford Football Club,Ipswich Town Football Club,1148.0,677.0,W,W,0.9120954984718423,0.04961005574101452,0.03829444578714318,W
4361403,2024-10-26,9.0,9. Matchday,Brighton and Hove Albion Football Club,Wolverhampton Wanderers Football Club,1237.0,543.0,W,D,0.7510257535837211,0.18909247780662153,0.059881768609657396,D
4361405,2024-10-26,9.0,9. Matchday,Everton Football Club,Fulham Football Club,29.0,931.0,L,D,0.12016160697356897,0.3156514076409861,0.5641869853854451,D
4361407,2024-10-26,9.0,9. Matchday,Manchester City Football Club,Southampton Football Club,281.0,180.0,W,W,0.8991355089851287,0.0875183035727523,0.01334618744211904,W
4361400,2024-10-27,9.0,9. Matchday,Arsenal Football Club,Liverpool Football Club,11.0,31.0,W,L,0.4517892511026764,0.25074166269406095,0.2974690862032626,D
4361404,2024-10-27,9.0,9. Matchday,Chelsea Football Club,Newcastle United Football Club,631.0,762.0,W,W,0.8163034918382321,0.15405882455972572,0.02963768360204207,W
4361408,2024-10-27,9.0,9. Matchday,West Ham United Football Club,Manchester United Football Club,379.0,985.0,W,D,0.640890357206823,0.263741634575144,0.09536800821803294,W
4361409,2024-10-27,9.0,9. Matchday,Crystal Palace Football Club,Tottenham Hotspur Football Club,873.0,148.0,L,L,0.1706949120394474,0.2665915926901519,0.5627134952704007,W
4361410,2024-11-02,10.0,10. Matchday,Association Football Club Bournemouth,Manchester City Football Club,989.0,281.0,L,L,0.0979103815442529,0.1234305097837474,0.7786591086719996,W
4361412,2024-11-02,10.0,10. Matchday,Ipswich Town Football Club,Leicester City Football Club,677.0,1003.0,L,D,0.3235600730744101,0.28579956962913183,0.39064035729645796,D
4361413,2024-11-02,10.0,10. Matchday,Liverpool Football Club,Brighton and Hove Albion Football Club,31.0,1237.0,W,W,0.8212038291571759,0.13238099742385306,0.04641517341897103,W
4361415,2024-11-02,10.0,10. Matchday,Newcastle United Football Club,Arsenal Football Club,762.0,11.0,L,L,0.1736453621495151,0.18172720890008526,0.6446274289503997,W
4361416,2024-11-02,10.0,10. Matchday,Nottingham Forest Football Club,West Ham United Football Club,703.0,379.0,W,W,0.8463547862397013,0.12520231174854962,0.028442902011749142,W
4361417,2024-11-02,10.0,10. Matchday,Southampton Football Club,Everton Football Club,180.0,29.0,W,D,0.4092585402868296,0.376441426419873,0.21430003329329742,W
4361419,2024-11-02,10.0,10. Matchday,Wolverhampton Wanderers Football Club,Crystal Palace Football Club,543.0,873.0,W,D,0.4374088536300855,0.3651371469137577,0.19745399945615688,D
4361414,2024-11-03,10.0,10. Matchday,Manchester United Football Club,Chelsea Football Club,985.0,631.0,L,L,0.10578947075116077,0.21273527347058668,0.6814752557782525,D
4361418,2024-11-03,10.0,10. Matchday,Tottenham Hotspur Football Club,Aston Villa Football Club,148.0,405.0,W,D,0.4269221157942545,0.2548635303053507,0.3182143539003949,W
4361411,2024-11-04,10.0,10. Matchday,Fulham Football Club,Brentford Football Club,931.0,1148.0,W,D,0.5808267941787253,0.17668872275748998,0.24248448306378467,W
4361420,2024-11-09,11.0,11. Matchday,Brentford Football Club,Association Football Club Bournemouth,1148.0,989.0,D,D,0.2810776001215599,0.41074326536172007,0.30817913451672,W
4361421,2024-11-09,11.0,11. Matchday,Brighton and Hove Albion Football Club,Manchester City Football Club,1237.0,281.0,L,D,0.21764397196941881,0.2322663210028509,0.5500897070277302,W
4361423,2024-11-09,11.0,11. Matchday,Crystal Palace Football Club,Fulham Football Club,873.0,931.0,L,L,0.0452623670378385,0.09289917745388133,0.8618384555082802,L
4361424,2024-11-09,11.0,11. Matchday,Liverpool Football Club,Aston Villa Football Club,31.0,405.0,W,W,0.8307202898745486,0.12263748863361222,0.04664222149183908,W
4361428,2024-11-09,11.0,11. Matchday,West Ham United Football Club,Everton Football Club,379.0,29.0,W,W,0.706817034528406,0.22036857660832118,0.07281438886327272,D
4361429,2024-11-09,11.0,11. Matchday,Wolverhampton Wanderers Football Club,Southampton Football Club,543.0,180.0,W,W,0.6775057753553828,0.2374365899083948,0.08505763473622233,W
4361422,2024-11-10,11.0,11. Matchday,Chelsea Football Club,Arsenal Football Club,631.0,11.0,W,D,0.5032377559457702,0.18423232248799212,0.31252992156623766,D
4361425,2024-11-10,11.0,11. Matchday,Manchester United Football Club,Leicester City Football Club,985.0,1003.0,W,L,0.49789140878905136,0.29485338107653236,0.20725521013441622,W
4361426,2024-11-10,11.0,11. Matchday,Nottingham Forest Football Club,Newcastle United Football Club,703.0,762.0,W,W,0.5942913140385941,0.2652804399940241,0.1404282459673818,L
4361427,2024-11-10,11.0,11. Matchday,Tottenham Hotspur Football Club,Ipswich Town Football Club,148.0,677.0,W,W,0.7494015137793613,0.15532980612252506,0.09526868009811365,L
4361430,2024-11-23,12.0,12. Matchday,Association Football Club Bournemouth,Brighton and Hove Albion Football Club,989.0,1237.0,L,D,0.11822287794999843,0.20898587275116842,0.6727912492988332,L
4361431,2024-11-23,12.0,12. Matchday,Arsenal Football Club,Nottingham Forest Football Club,11.0,703.0,W,W,0.5815984973003945,0.2699300138774259,0.1484714888221796,W
4361432,2024-11-23,12.0,12. Matchday,Aston Villa Football Club,Crystal Palace Football Club,405.0,873.0,W,W,0.8535797987718247,0.11923936820969723,0.027180833018478182,D
4361433,2024-11-23,12.0,12. Matchday,Everton Football Club,Brentford Football Club,29.0,1148.0,L,L,0.33121206361212985,0.2591244636528139,0.40966347273505616,D
4361434,2024-11-23,12.0,12. Matchday,Fulham Football Club,Wolverhampton Wanderers Football Club,931.0,543.0,W,D,0.5566232300688924,0.1838120102258193,0.2595647597052883,L
4361436,2024-11-23,12.0,12. Matchday,Leicester City Football Club,Chelsea Football Club,1003.0,631.0,L,L,0.05921827998616095,0.08993499304125133,0.8508467269725877,L
4361437,2024-11-23,12.0,12. Matchday,Manchester City Football Club,Tottenham Hotspur Football Club,281.0,148.0,W,W,0.5733582467065618,0.235447349901896,0.19119440339154217,L
4361435,2024-11-24,12.0,12. Matchday,Ipswich Town Football Club,Manchester United Football Club,677.0,985.0,L,D,0.30088011845660667,0.292131795066168,0.40698808647722523,D
4361439,2024-11-24,12.0,12. Matchday,Southampton Football Club,Liverpool Football Club,180.0,31.0,L,W,0.048961807608247844,0.10996489386669214,0.84107329852506,L
4361438,2024-11-25,12.0,12. Matchday,Newcastle United Football Club,West Ham United Football Club,762.0,379.0,W,D,0.5330031023306441,0.26268861379531316,0.2043082838740428,L
4361441,2024-11-29,13.0,13. Matchday,Brighton and Hove Albion Football Club,Southampton Football Club,1237.0,180.0,W,W,0.8489764006002012,0.12787040247654805,0.023153196923250748,D
4361440,2024-11-30,13.0,13. Matchday,Brentford Football Club,Leicester City Football Club,1148.0,1003.0,W,L,0.74752577753662,0.18735680378130493,0.06511741868207521,W
4361443,2024-11-30,13.0,13. Matchday,Crystal Palace Football Club,Newcastle United Football Club,873.0,762.0,L,W,0.21749613350015323,0.34475961043464404,0.43774425606520273,D
4361446,2024-11-30,13.0,13. Matchday,Nottingham Forest Football Club,Ipswich Town Football Club,703.0,677.0,W,W,0.7343677632389538,0.23469948656776998,0.030932750193276105,W
4361448,2024-11-30,13.0,13. Matchday,West Ham United Football Club,Arsenal Football Club,379.0,11.0,L,W,0.09823382557946007,0.24376692379025547,0.6579992506302844,L
4361449,2024-11-30,13.0,13. Matchday,Wolverhampton Wanderers Football Club,Association Football Club Bournemouth,543.0,989.0,D,L,0.2801486026146305,0.3678513276520061,0.35200006973336345,L
4361442,2024-12-01,13.0,13. Matchday,Chelsea Football Club,Aston Villa Football Club,631.0,405.0,W,W,0.799254180370755,0.16117398480412384,0.039571834825121104,W
4361444,2024-12-01,13.0,13. Matchday,Liverpool Football Club,Manchester City Football Club,31.0,281.0,W,W,0.8002285255012188,0.13980832030492776,0.05996315419385331,W
4361445,2024-12-01,13.0,13. Matchday,Manchester United Football Club,Everton Football Club,985.0,29.0,W,W,0.6361166232480584,0.24564153860344695,0.11824183814849458,W
4361447,2024-12-01,13.0,13. Matchday,Tottenham Hotspur Football Club,Fulham Football Club,148.0,931.0,W,W,0.5395761104706381,0.22676896846591835,0.23365492106344354,D
4361455,2024-12-03,14.0,14. Matchday,Ipswich Town Football Club,Crystal Palace Football Club,677.0,873.0,W,W,0.5088867658179108,0.28449284417200993,0.2066203900100793,L
4361456,2024-12-03,14.0,14. Matchday,Leicester City Football Club,West Ham United Football Club,1003.0,379.0,L,W,0.32135830486297357,0.27197038667799994,0.40667130845902644,W
4361451,2024-12-04,14.0,14. Matchday,Arsenal Football Club,Manchester United Football Club,11.0,985.0,W,W,0.9041903309634294,0.08075237363249478,0.015057295404075952,W
4361452,2024-12-04,14.0,14. Matchday,Aston Villa Football Club,Brentford Football Club,405.0,1148.0,W,D,0.7004121156809316,0.14288005612331606,0.1567078281957523,W
4361453,2024-12-04,14.0,14. Matchday,Everton Football Club,Wolverhampton Wanderers Football Club,29.0,543.0,W,L,0.5805572385265981,0.2756875504802585,0.14375521099314337,W
4361457,2024-12-04,14.0,14. Matchday,Manchester City Football Club,Nottingham Forest Football Club,281.0,703.0,W,W,0.5839706764769783,0.2849993944223832,0.1310299291006385,W
4361458,2024-12-04,14.0,14. Matchday,Newcastle United Football Club,Liverpool Football Club,762.0,31.0,L,L,0.0568595898606997,0.14977924265764486,0.7933611674816553,D
4361459,2024-12-04,14.0,14. Matchday,Southampton Football Club,Chelsea Football Club,180.0,631.0,L,L,0.04143901453519939,0.09952651578740039,0.8590344696774003,L
4361450,2024-12-05,14.0,14. Matchday,Association Football Club Bournemouth,Tottenham Hotspur Football Club,989.0,148.0,W,L,0.39971609485373577,0.28160889786292237,0.3186750072833418,W
4361454,2024-12-05,14.0,14. Matchday,Fulham Football Club,Brighton and Hove Albion Football Club,931.0,1237.0,L,L,0.3524540241055762,0.18163948015252923,0.46590649574189463,W
4361460,2024-12-07,15.0,15. Matchday,Aston Villa Football Club,Southampton Football Club,405.0,180.0,W,W,0.8698660386566646,0.10641010729339344,0.02372385404994195,W
4361461,2024-12-07,15.0,15. Matchday,Brentford Football Club,Newcastle United Football Club,1148.0,762.0,W,D,0.5892218258348633,0.1865645840903564,0.22421359007478028,W
4361462,2024-12-07,15.0,15. Matchday,Crystal Palace Football Club,Manchester City Football Club,873.0,281.0,L,D,0.07183430973824892,0.1616497221310489,0.7665159681307021,D
4361466,2024-12-07,15.0,15. Matchday,Manchester United Football Club,Nottingham Forest Football Club,985.0,703.0,L,L,0.1337170527176049,0.1951478396731085,0.6711351076092867,L
4361464,2024-12-08,15.0,15. Matchday,Fulham Football Club,Arsenal Football Club,931.0,11.0,L,L,0.15942231305245042,0.24707254848146515,0.5935051384660844,D
4361465,2024-12-08,15.0,15. Matchday,Ipswich Town Football Club,Association Football Club Bournemouth,677.0,989.0,L,L,0.16698237093126322,0.22698966996535577,0.606027959103381,L
4361467,2024-12-08,15.0,15. Matchday,Tottenham Hotspur Football Club,Chelsea Football Club,148.0,631.0,L,L,0.07873184377433208,0.19906409360129382,0.722204062624374,L
4361469,2024-12-08,15.0,15. Matchday,Leicester City Football Club,Brighton and Hove Albion Football Club,1003.0,1237.0,L,L,0.15937649199598244,0.19547960591409314,0.6451439020899243,D
4361468,2024-12-09,15.0,15. Matchday,West Ham United Football Club,Wolverhampton Wanderers Football Club,379.0,543.0,W,D,0.5762084477894679,0.25233756957094844,0.17145398263958359,W
4361463,2025-02-12,15.0,15. Matchday,Everton Football Club,Liverpool Football Club,29.0,31.0,L,L,0.06548064787033313,0.1686638251874521,0.7658555269422148,D
4361471,2024-12-14,16.0,16. Matchday,Arsenal Football Club,Everton Football Club,11.0,29.0,W,W,0.8995110392459292,0.08318912678938806,0.017299833964682713,D
4361474,2024-12-14,16.0,16. Matchday,Liverpool Football Club,Fulham Football Club,31.0,931.0,W,W,0.8102286577315341,0.10986478070713286,0.07990656156133318,D
4361476,2024-12-14,16.0,16. Matchday,Newcastle United Football Club,Leicester City Football Club,762.0,1003.0,W,W,0.7154056230834409,0.23460027742499995,0.0499940994915591,W
4361477,2024-12-14,16.0,16. Matchday,Nottingham Forest Football Club,Aston Villa Football Club,703.0,405.0,W,D,0.7034754725970589,0.1882745326038915,0.1082499947990497,W
4361479,2024-12-14,16.0,16. Matchday,Wolverhampton Wanderers Football Club,Ipswich Town Football Club,543.0,677.0,W,L,0.35072861785047665,0.32368917864383917,0.3255822035056842,L
4361472,2024-12-15,16.0,16. Matchday,Brighton and Hove Albion Football Club,Crystal Palace Football Club,1237.0,873.0,W,D,0.6539382024928015,0.23375547543773328,0.11230632206946514,L
4361473,2024-12-15,16.0,16. Matchday,Chelsea Football Club,Brentford Football Club,631.0,1148.0,W,W,0.8912537172455568,0.08308369492106445,0.02566258783337876,W
4361475,2024-12-15,16.0,16. Matchday,Manchester City Football Club,Manchester United Football Club,281.0,985.0,W,L,0.7505811108624676,0.1519862189610926,0.09743267017643986,L
4361478,2024-12-15,16.0,16. Matchday,Southampton Football Club,Tottenham Hotspur Football Club,180.0,148.0,L,D,0.19750469992262704,0.2686338050440451,0.5338614950333278,L
4361470,2024-12-16,16.0,16. Matchday,Association Football Club Bournemouth,West Ham United Football Club,989.0,379.0,W,W,0.6949076924050153,0.2267817453037008,0.07831056229128402,D
4361480,2024-12-21,17.0,17. Matchday,Aston Villa Football Club,Manchester City Football Club,405.0,281.0,W,L,0.38713996292979763,0.26624879043090016,0.3466112466393021,W
4361481,2024-12-21,17.0,17. Matchday,Brentford Football Club,Nottingham Forest Football Club,1148.0,703.0,L,L,0.05618814268921127,0.17915389337031973,0.7646579639404691,L
4361482,2024-12-21,17.0,17. Matchday,Crystal Palace Football Club,Arsenal Football Club,873.0,11.0,L,L,0.04771079416759724,0.16285831091060132,0.7894308949218013,L
4361485,2024-12-21,17.0,17. Matchday,Ipswich Town Football Club,Newcastle United Football Club,677.0,762.0,L,D,0.20573938713903794,0.2777695767350079,0.516491036125954,L
4361489,2024-12-21,17.0,17. Matchday,West Ham United Football Club,Brighton and Hove Albion Football Club,379.0,1237.0,L,W,0.22188341798273006,0.3797614484337264,0.3983551335835436,D
4361483,2024-12-22,17.0,17. Matchday,Everton Football Club,Chelsea Football Club,29.0,631.0,L,L,0.06982747184728225,0.09567709477165204,0.8344954333810657,D
4361484,2024-12-22,17.0,17. Matchday,Fulham Football Club,Southampton Football Club,931.0,180.0,W,W,0.7689465835394457,0.1695490561383351,0.06150436032221931,D
4361486,2024-12-22,17.0,17. Matchday,Leicester City Football Club,Wolverhampton Wanderers Football Club,1003.0,543.0,W,W,0.5932628728199977,0.17653582804488419,0.23020129913511805,L
4361487,2024-12-22,17.0,17. Matchday,Manchester United Football Club,Association Football Club Bournemouth,985.0,989.0,L,D,0.06859547222561468,0.17185960592465804,0.7595449218497273,L
4361488,2024-12-22,17.0,17. Matchday,Tottenham Hotspur Football Club,Liverpool Football Club,148.0,31.0,L,L,0.07285953396955554,0.15868302002196993,0.7684574460084745,L
4361490,2024-12-26,18.0,18. Matchday,Association Football Club Bournemouth,Crystal Palace Football Club,989.0,873.0,W,W,0.7614400458875444,0.16576807353337228,0.07279188057908334,D
4361493,2024-12-26,18.0,18. Matchday,Chelsea Football Club,Fulham Football Club,631.0,931.0,W,W,0.7449680382584809,0.15539825834378823,0.09963370339773088,L
4361494,2024-12-26,18.0,18. Matchday,Liverpool Football Club,Leicester City Football Club,31.0,1003.0,W,W,0.955178438595738,0.035241912347134544,0.009579649057127397,W
4361495,2024-12-26,18.0,18. Matchday,Manchester City Football Club,Everton Football Club,281.0,29.0,W,D,0.7523657102385236,0.18295135441060661,0.06468293535086979,D
4361496,2024-12-26,18.0,18. Matchday,Newcastle United Football Club,Aston Villa Football Club,762.0,405.0,W,W,0.6204233439521761,0.2373409373105366,0.14223571873728727,W
4361497,2024-12-26,18.0,18. Matchday,Nottingham Forest Football Club,Tottenham Hotspur Football Club,703.0,148.0,W,W,0.5817432354237964,0.2443018421792917,0.1739549223969119,W
4361498,2024-12-26,18.0,18. Matchday,Southampton Football Club,West Ham United Football Club,180.0,379.0,L,L,0.17086184256103795,0.2975956423552414,0.5315425150837206,L
4361499,2024-12-26,18.0,18. Matchday,Wolverhampton Wanderers Football Club,Manchester United Football Club,543.0,985.0,D,W,0.34734929651065966,0.3540791269691971,0.2985715765201432,W
4361491,2024-12-27,18.0,18. Matchday,Arsenal Football Club,Ipswich Town Football Club,11.0,677.0,W,W,0.9488650887396219,0.040263357035154185,0.010871554225223862,W
4361492,2024-12-27,18.0,18. Matchday,Brighton and Hove Albion Football Club,Brentford Football Club,1237.0,1148.0,W,D,0.38479331374536807,0.25220105157652317,0.36300563467810876,D
4361502,2024-12-29,19.0,19. Matchday,Crystal Palace Football Club,Southampton Football Club,873.0,180.0,W,D,0.6456367603730105,0.23977803252063318,0.11458520710635633,W
4361503,2024-12-29,19.0,19. Matchday,Everton Football Club,Nottingham Forest Football Club,29.0,703.0,L,L,0.08947598727367755,0.2295398732132259,0.6809841395130964,L
4361504,2024-12-29,19.0,19. Matchday,Fulham Football Club,Association Football Club Bournemouth,931.0,989.0,L,L,0.31510651916699084,0.20002811619758526,0.4848653646354239,D
4361506,2024-12-29,19.0,19. Matchday,Leicester City Football Club,Manchester City Football Club,1003.0,281.0,L,L,0.034758649265601405,0.1369815869074882,0.8282597638269104,L
4361508,2024-12-29,19.0,19. Matchday,Tottenham Hotspur Football Club,Wolverhampton Wanderers Football Club,148.0,543.0,W,L,0.644969466198243,0.246903199819821,0.108127333981936,D
4361509,2024-12-29,19.0,19. Matchday,West Ham United Football Club,Liverpool Football Club,379.0,31.0,L,D,0.07634862442087303,0.16370718448396782,0.7599441910951591,L
4361500,2024-12-30,19.0,19. Matchday,Aston Villa Football Club,Brighton and Hove Albion Football Club,405.0,1237.0,W,W,0.4440210924441477,0.30063119408289757,0.2553477134729547,D
4361505,2024-12-30,19.0,19. Matchday,Ipswich Town Football Club,Chelsea Football Club,677.0,631.0,L,L,0.09345460153871496,0.12017172376127304,0.7863736747000121,W
4361507,2024-12-30,19.0,19. Matchday,Manchester United Football Club,Newcastle United Football Club,985.0,762.0,L,W,0.1121639832271557,0.2612739333182974,0.6265620834545469,L
4361501,2025-01-01,19.0,19. Matchday,Brentford Football Club,Arsenal Football Club,1148.0,11.0,L,L,0.07841148793173673,0.2099568479231554,0.711631664145108,L
4361510,2025-01-04,20.0,20. Matchday,Association Football Club Bournemouth,Everton Football Club,989.0,29.0,W,W,0.6230707009336582,0.3017718303643404,0.07515746870200138,W
4361511,2025-01-04,20.0,20. Matchday,Aston Villa Football Club,Leicester City Football Club,405.0,1003.0,W,W,0.7489783119755351,0.1937301745906628,0.0572915134338021,W
4361512,2025-01-04,20.0,20. Matchday,Brighton and Hove Albion Football Club,Arsenal Football Club,1237.0,11.0,L,W,0.17019294094345702,0.23569459908985654,0.5941124599666865,D
4361515,2025-01-04,20.0,20. Matchday,Manchester City Football Club,West Ham United Football Club,281.0,379.0,W,W,0.794196619776284,0.15279261047119047,0.053010769752525444,W
4361516,2025-01-04,20.0,20. Matchday,Crystal Palace Football Club,Chelsea Football Club,873.0,631.0,L,D,0.10928265191363569,0.17408909985499327,0.7166282482313711,D
4361517,2025-01-04,20.0,20. Matchday,Southampton Football Club,Brentford Football Club,180.0,1148.0,L,L,0.22920599683737689,0.24307235616331635,0.5277216469993067,L
4361518,2025-01-04,20.0,20. Matchday,Tottenham Hotspur Football Club,Newcastle United Football Club,148.0,762.0,L,L,0.1676153356566023,0.29467468565317007,0.5377099786902276,L
4361513,2025-01-05,20.0,20. Matchday,Fulham Football Club,Ipswich Town Football Club,931.0,677.0,W,W,0.6438547714962765,0.2375330438015645,0.11861218470215895,D
4361514,2025-01-05,20.0,20. Matchday,Liverpool Football Club,Manchester United Football Club,31.0,985.0,W,W,0.9022966380307063,0.08799002304339228,0.009713338925901443,D
4361519,2025-01-06,20.0,20. Matchday,Wolverhampton Wanderers Football Club,Nottingham Forest Football Club,543.0,703.0,L,L,0.060994653959146425,0.17275154667384565,0.766253799367008,L
4361521,2025-01-14,21.0,21. Matchday,Brentford Football Club,Manchester City Football Club,1148.0,281.0,L,D,0.18243055609155173,0.33865577653454393,0.4789136673739044,D
4361525,2025-01-14,21.0,21. Matchday,Nottingham Forest Football Club,Liverpool Football Club,703.0,31.0,D,D,0.2282436166225299,0.41016091955954653,0.3615954638179236,D
4361526,2025-01-14,21.0,21. Matchday,West Ham United Football Club,Fulham Football Club,379.0,931.0,L,W,0.3038873863568861,0.2812108669009614,0.41490174674215236,W
4361527,2025-01-14,21.0,21. Matchday,Chelsea Football Club,Association Football Club Bournemouth,631.0,989.0,W,D,0.6735253253008926,0.19910820676373286,0.12736646793537457,D
4361520,2025-01-15,21.0,21. Matchday,Arsenal Football Club,Tottenham Hotspur Football Club,11.0,148.0,W,W,0.817691173092442,0.11043100450896166,0.07187782239859636,W
4361522,2025-01-15,21.0,21. Matchday,Everton Football Club,Aston Villa Football Club,29.0,405.0,L,D,0.13815173042202353,0.2984015175530465,0.56344675202493,L
4361524,2025-01-15,21.0,21. Matchday,Leicester City Football Club,Crystal Palace Football Club,1003.0,873.0,D,D,0.32771078161354206,0.39483906911089905,0.277450149275559,L
4361528,2025-01-15,21.0,21. Matchday,Newcastle United Football Club,Wolverhampton Wanderers Football Club,762.0,543.0,W,W,0.7803206540678015,0.19088816021819968,0.028791185713998836,W
4361523,2025-01-16,21.0,21. Matchday,Ipswich Town Football Club,Brighton and Hove Albion Football Club,677.0,1237.0,L,L,0.12969207453214304,0.24308425926680988,0.6272236662010471,L
4361529,2025-01-16,21.0,21. Matchday,Manchester United Football Club,Southampton Football Club,985.0,180.0,W,W,0.5798614859264107,0.26255284117560485,0.1575856728979844,W
4362728,2025-01-18,22.0,22. Matchday,Arsenal Football Club,Aston Villa Football Club,11.0,405.0,W,L,0.7410969830839289,0.1611871846785364,0.09771583223753476,D
4362729,2025-01-18,22.0,22. Matchday,Brentford Football Club,Liverpool Football Club,1148.0,31.0,L,L,0.10828237393779112,0.18700963067002724,0.7047079953921817,L
4362733,2025-01-18,22.0,22. Matchday,Leicester City Football Club,Fulham Football Club,1003.0,931.0,L,L,0.24835115687804296,0.26070181530730646,0.49094702781465055,L
4362735,2025-01-18,22.0,22. Matchday,Newcastle United Football Club,Association Football Club Bournemouth,762.0,989.0,W,W,0.45909845797684645,0.23919554900832105,0.30170599301483253,L
4362737,2025-01-18,22.0,22. Matchday,West Ham United Football Club,Crystal Palace Football Club,379.0,873.0,W,D,0.4084322615220834,0.31615641948107864,0.27541131899683796,L
4362731,2025-01-19,22.0,22. Matchday,Everton Football Club,Tottenham Hotspur Football Club,29.0,148.0,W,L,0.37584910225714424,0.32170916890231854,0.3024417288405373,W
4362732,2025-01-19,22.0,22. Matchday,Ipswich Town Football Club,Manchester City Football Club,677.0,281.0,L,D,0.08576138007312242,0.32668349242245054,0.587555127504427,L
4362734,2025-01-19,22.0,22. Matchday,Manchester United Football Club,Brighton and Hove Albion Football Club,985.0,1237.0,L,L,0.16433841354682815,0.23355203494999932,0.6021095515031725,L
4362736,2025-01-19,22.0,22. Matchday,Nottingham Forest Football Club,Southampton Football Club,703.0,180.0,W,W,0.7955890627535777,0.16663294717480623,0.03777799007161605,W
4362730,2025-01-20,22.0,22. Matchday,Chelsea Football Club,Wolverhampton Wanderers Football Club,631.0,543.0,W,W,0.8559963990865925,0.12289951592038828,0.021104084993019093,W
4362738,2025-01-25,23.0,23. Matchday,Association Football Club Bournemouth,Nottingham Forest Football Club,989.0,703.0,L,L,0.15052902219530961,0.29730862993783114,0.5521623478668592,W
4362740,2025-01-25,23.0,23. Matchday,Brighton and Hove Albion Football Club,Everton Football Club,1237.0,29.0,W,W,0.6863106330683099,0.22094172812621027,0.09274763880547987,L
4362743,2025-01-25,23.0,23. Matchday,Liverpool Football Club,Ipswich Town Football Club,31.0,677.0,W,W,0.9313945394587857,0.05902924120548338,0.009576219335730937,W
4362744,2025-01-25,23.0,23. Matchday,Manchester City Football Club,Chelsea Football Club,281.0,631.0,W,L,0.6343644122475273,0.1469830131167498,0.21865257463572293,W
4362745,2025-01-25,23.0,23. Matchday,Southampton Football Club,Newcastle United Football Club,180.0,762.0,L,L,0.14129473854719393,0.13800106240904123,0.7207041990437648,L
4362747,2025-01-25,23.0,23. Matchday,Wolverhampton Wanderers Football Club,Arsenal Football Club,543.0,11.0,L,L,0.070823499400834,0.16997056050144382,0.7592059400977222,L
4362739,2025-01-26,23.0,23. Matchday,Aston Villa Football Club,West Ham United Football Club,405.0,379.0,W,D,0.6824161377713112,0.2086909205915572,0.10889294163713165,D
4362741,2025-01-26,23.0,23. Matchday,Crystal Palace Football Club,Brentford Football Club,873.0,1148.0,L,L,0.32342429776376647,0.29603797436533924,0.38053772787089424,L
4362742,2025-01-26,23.0,23. Matchday,Fulham Football Club,Manchester United Football Club,931.0,985.0,W,W,0.46822151951466506,0.21112507187782295,0.32065340860751207,L
4362746,2025-01-26,23.0,23. Matchday,Tottenham Hotspur Football Club,Leicester City Football Club,148.0,1003.0,D,L,0.3508284442121901,0.35497695610589763,0.29419459968191225,L
4362748,2025-02-01,24.0,24. Matchday,Association Football Club Bournemouth,Liverpool Football Club,989.0,31.0,L,W,0.07686468184806673,0.17253665636063342,0.7505986617912997,L
4362752,2025-02-01,24.0,24. Matchday,Everton Football Club,Leicester City Football Club,29.0,1003.0,W,W,0.4032099123698258,0.3239020789503785,0.2728880086797957,W
4362753,2025-02-01,24.0,24. Matchday,Ipswich Town Football Club,Southampton Football Club,677.0,180.0,L,W,0.3369579533139096,0.2781405379848956,0.3849015087011949,L
4362755,2025-02-01,24.0,24. Matchday,Newcastle United Football Club,Fulham Football Club,762.0,931.0,W,L,0.6114043943868583,0.21735517008776842,0.1712404355253732,L
4362756,2025-02-01,24.0,24. Matchday,Nottingham Forest Football Club,Brighton and Hove Albion Football Club,703.0,1237.0,W,W,0.7247597870013238,0.18869137663303753,0.08654883636563865,W
4362757,2025-02-01,24.0,24. Matchday,Wolverhampton Wanderers Football Club,Aston Villa Football Club,543.0,405.0,L,L,0.20801416353491356,0.2838511245041707,0.5081347119609158,W
4362749,2025-02-02,24.0,24. Matchday,Arsenal Football Club,Manchester City Football Club,11.0,281.0,W,W,0.6087061726926278,0.20493858943416265,0.18635523787320954,W
4362750,2025-02-02,24.0,24. Matchday,Brentford Football Club,Tottenham Hotspur Football Club,1148.0,148.0,W,L,0.4631803634178929,0.2845961388261149,0.25222349775599223,L
4362754,2025-02-02,24.0,24. Matchday,Manchester United Football Club,Crystal Palace Football Club,985.0,873.0,L,D,0.3173405975509097,0.297484326276958,0.3851750761721324,L
4362751,2025-02-03,24.0,24. Matchday,Chelsea Football Club,West Ham United Football Club,631.0,379.0,W,W,0.8841319805105844,0.08869804954514193,0.02716996994427363,W
4362759,2025-02-14,25.0,25. Matchday,Brighton and Hove Albion Football Club,Chelsea Football Club,1237.0,631.0,L,W,0.3050283056306862,0.25074176304474033,0.4442299313245734,W
4362758,2025-02-15,25.0,25. Matchday,Aston Villa Football Club,Ipswich Town Football Club,405.0,677.0,W,W,0.7464039516893229,0.1855121344484672,0.06808391386220981,D
4362760,2025-02-15,25.0,25. Matchday,Crystal Palace Football Club,Everton Football Club,873.0,29.0,W,D,0.40621900446683895,0.3132580386656426,0.2805229568675185,L
4362761,2025-02-15,25.0,25. Matchday,Fulham Football Club,Nottingham Forest Football Club,931.0,703.0,L,D,0.23307635708931743,0.20250686013248895,0.5644167827781936,W
4362762,2025-02-15,25.0,25. Matchday,Leicester City Football Club,Arsenal Football Club,1003.0,11.0,L,L,0.09390914864043957,0.2151111473379908,0.6909797040215696,L
4362764,2025-02-15,25.0,25. Matchday,Manchester City Football Club,Newcastle United Football Club,281.0,762.0,W,D,0.7515631344311603,0.13490181915214158,0.11353504641669822,W
4362765,2025-02-15,25.0,25. Matchday,Southampton Football Club,Association Football Club Bournemouth,180.0,989.0,L,L,0.1451997269363241,0.28147110483235155,0.5733291682313243,L
4362767,2025-02-15,25.0,25. Matchday,West Ham United Football Club,Brentford Football Club,379.0,1148.0,L,L,0.27857151861637175,0.3067094541299023,0.41471902725372595,L
4362763,2025-02-16,25.0,25. Matchday,Liverpool Football Club,Wolverhampton Wanderers Football Club,31.0,543.0,W,W,0.9412729303741916,0.05123851095129374,0.007488558674514785,W
4362766,2025-02-16,25.0,25. Matchday,Tottenham Hotspur Football Club,Manchester United Football Club,148.0,985.0,W,L,0.5962604518853644,0.26537609192027095,0.13836345619436474,W
4362774,2025-02-21,26.0,26. Matchday,Leicester City Football Club,Brentford Football Club,1003.0,1148.0,L,L,0.26014020149067824,0.26174608828670765,0.47811371022261406,L
4362768,2025-02-22,26.0,26. Matchday,Association Football Club Bournemouth,Wolverhampton Wanderers Football Club,989.0,543.0,W,W,0.797203293251495,0.1681711349071093,0.03462557184139582,L
4362769,2025-02-22,26.0,26. Matchday,Arsenal Football Club,West Ham United Football Club,11.0,379.0,W,W,0.8923564565749925,0.08111347188989788,0.02653007153510951,L
4362770,2025-02-22,26.0,26. Matchday,Aston Villa Football Club,Chelsea Football Club,405.0,631.0,W,W,0.433473214072484,0.28747258355606453,0.2790542023714515,W
4362771,2025-02-22,26.0,26. Matchday,Everton Football Club,Manchester United Football Club,29.0,985.0,W,W,0.4725501438626425,0.35980829404283576,0.16764156209452175,D
4362772,2025-02-22,26.0,26. Matchday,Fulham Football Club,Crystal Palace Football Club,931.0,873.0,W,D,0.4918865458220649,0.34642907388235566,0.16168438029557944,L
4362773,2025-02-22,26.0,26. Matchday,Ipswich Town Football Club,Tottenham Hotspur Football Club,677.0,148.0,D,D,0.34246531169230354,0.3624930247419569,0.2950416635657396,L
4362777,2025-02-22,26.0,26. Matchday,Southampton Football Club,Brighton and Hove Albion Football Club,180.0,1237.0,L,L,0.26844984473077144,0.27861156525951,0.4529385900097186,L
4362775,2025-02-23,26.0,26. Matchday,Manchester City Football Club,Liverpool Football Club,281.0,31.0,L,L,0.2387526619446033,0.2687883201470681,0.4924590179083285,L
4362776,2025-02-23,26.0,26. Matchday,Newcastle United Football Club,Nottingham Forest Football Club,762.0,703.0,L,L,0.24789650115615677,0.17773524431586826,0.5743682545279749,W
4362779,2025-02-25,27.0,27. Matchday,Brighton and Hove Albion Football Club,Association Football Club Bournemouth,1237.0,989.0,W,L,0.3979473841634276,0.2985462748169881,0.3035063410195842,W
4362783,2025-02-25,27.0,27. Matchday,Wolverhampton Wanderers Football Club,Fulham Football Club,543.0,931.0,L,L,0.1494842109493148,0.24969815883646101,0.6008176302142243,L
4362784,2025-02-25,27.0,27. Matchday,Crystal Palace Football Club,Aston Villa Football Club,873.0,405.0,L,W,0.2759191768962965,0.2759731719705087,0.44810765113319484,W
4362785,2025-02-25,27.0,27. Matchday,Chelsea Football Club,Southampton Football Club,631.0,180.0,W,W,0.8541213828365674,0.10146363836697436,0.04441497879645835,W
4362778,2025-02-26,27.0,27. Matchday,Brentford Football Club,Everton Football Club,1148.0,29.0,W,L,0.6152099625494719,0.22434573020358603,0.160444307246942,D
4362780,2025-02-26,27.0,27. Matchday,Nottingham Forest Football Club,Arsenal Football Club,703.0,11.0,L,W,0.2777938356611576,0.20117831613756412,0.5210278482012783,D
4362781,2025-02-26,27.0,27. Matchday,Tottenham Hotspur Football Club,Manchester City Football Club,148.0,281.0,L,L,0.08819851032543309,0.15084749745073409,0.7609539922238328,L
4362786,2025-02-26,27.0,27. Matchday,Liverpool Football Club,Newcastle United Football Club,31.0,762.0,W,L,0.7711569394777409,0.1670435080489456,0.06179955247331353,W
4362787,2025-02-26,27.0,27. Matchday,Manchester United Football Club,Ipswich Town Football Club,985.0,677.0,W,W,0.45477048948471027,0.286816972298038,0.25841253821725185,W
4362782,2025-02-27,27.0,27. Matchday,West Ham United Football Club,Leicester City Football Club,379.0,1003.0,W,W,0.4644125242365485,0.28492608157206717,0.25066139419138445,W
4362788,2025-03-08,28.0,28. Matchday,Brentford Football Club,Aston Villa Football Club,1148.0,405.0,L,W,0.282801040011294,0.29084640290897734,0.42635255707972874,L
4362789,2025-03-08,28.0,28. Matchday,Brighton and Hove Albion Football Club,Fulham Football Club,1237.0,931.0,W,W,0.5907061739646393,0.279952865585514,0.12934096044984655,W
4362791,2025-03-08,28.0,28. Matchday,Crystal Palace Football Club,Ipswich Town Football Club,873.0,677.0,W,D,0.6939422560746275,0.17174509141325078,0.13431265251212174,W
4362792,2025-03-08,28.0,28. Matchday,Liverpool Football Club,Southampton Football Club,31.0,180.0,W,W,0.9157729905681617,0.06757284850618916,0.01665416092564905,W
4362794,2025-03-08,28.0,28. Matchday,Nottingham Forest Football Club,Manchester City Football Club,703.0,281.0,W,W,0.5071224880448142,0.23509039796450434,0.2577871139906815,W
4362797,2025-03-08,28.0,28. Matchday,Wolverhampton Wanderers Football Club,Everton Football Club,543.0,29.0,D,L,0.29575112325564645,0.3604867161502655,0.3437621605940881,D
4362790,2025-03-09,28.0,28. Matchday,Chelsea Football Club,Leicester City Football Club,631.0,1003.0,W,W,0.858261622657648,0.11526891487361095,0.026469462468741028,W
4362793,2025-03-09,28.0,28. Matchday,Manchester United Football Club,Arsenal Football Club,985.0,11.0,L,L,0.04287410377913956,0.12343578464011969,0.8336901115807408,D
4362795,2025-03-09,28.0,28. Matchday,Tottenham Hotspur Football Club,Association Football Club Bournemouth,148.0,989.0,L,W,0.20335258266405282,0.2345566981284494,0.5620907192074978,D
4362796,2025-03-10,28.0,28. Matchday,West Ham United Football Club,Newcastle United Football Club,379.0,762.0,L,W,0.12678526581500338,0.2236341926864171,0.6495805414985796,L
4362800,2025-02-19,29.0,29. Matchday,Aston Villa Football Club,Liverpool Football Club,405.0,31.0,L,L,0.08242249980461257,0.19529392063595843,0.7222835795594289,D
4362798,2025-03-15,29.0,29. Matchday,Association Football Club Bournemouth,Brentford Football Club,989.0,1148.0,W,L,0.5147846522065622,0.28038349350578406,0.20483185428765371,L
4362801,2025-03-15,29.0,29. Matchday,Everton Football Club,West Ham United Football Club,29.0,379.0,W,D,0.41805930584633827,0.36796139768929953,0.2139792964643622,D
4362803,2025-03-15,29.0,29. Matchday,Ipswich Town Football Club,Nottingham Forest Football Club,677.0,703.0,L,L,0.1516573607853369,0.20069487351538134,0.6476477656992818,L
4362805,2025-03-15,29.0,29. Matchday,Manchester City Football Club,Brighton and Hove Albion Football Club,281.0,1237.0,W,L,0.5032711349170593,0.2632764756466466,0.23345238943629412,D
4362807,2025-03-15,29.0,29. Matchday,Southampton Football Club,Wolverhampton Wanderers Football Club,180.0,543.0,W,W,0.4606986350745383,0.2920705985042726,0.24723076642118927,L
4362799,2025-03-16,29.0,29. Matchday,Arsenal Football Club,Chelsea Football Club,11.0,631.0,W,W,0.6360068212731521,0.22657452481656537,0.13741865391028266,W
4362802,2025-03-16,29.0,29. Matchday,Fulham Football Club,Tottenham Hotspur Football Club,931.0,148.0,W,W,0.6411259775717396,0.22091895348703117,0.13795506894122933,W
4362804,2025-03-16,29.0,29. Matchday,Leicester City Football Club,Manchester United Football Club,1003.0,985.0,L,W,0.33764687575906305,0.2664105179143671,0.3959426063265698,L
4362809,2025-04-01,30.0,30. Matchday,Arsenal Football Club,Fulham Football Club,11.0,931.0,W,W,0.7680792742480593,0.16498337265474886,0.06693735309719173,W
4362811,2025-04-01,30.0,30. Matchday,Nottingham Forest Football Club,Manchester United Football Club,703.0,985.0,W,W,0.7731981920766987,0.13939138507168808,0.08741042285161325,W
4362812,2025-04-01,30.0,30. Matchday,Wolverhampton Wanderers Football Club,West Ham United Football Club,543.0,379.0,L,L,0.2331103135000015,0.3140799554004073,0.4528097310995912,W
4362808,2025-04-02,30.0,30. Matchday,Association Football Club Bournemouth,Ipswich Town Football Club,989.0,677.0,W,D,0.6858782834906947,0.18481915870396307,0.12930255780534222,L
4362810,2025-04-02,30.0,30. Matchday,Brighton and Hove Albion Football Club,Aston Villa Football Club,1237.0,405.0,L,W,0.3055226339202932,0.2744962487107529,0.4199811173689538,L
4362814,2025-04-02,30.0,30. Matchday,Manchester City Football Club,Leicester City Football Club,281.0,1003.0,W,W,0.8182282885104366,0.12373700757034581,0.058034703919217556,W
4362815,2025-04-02,30.0,30. Matchday,Newcastle United Football Club,Brentford Football Club,762.0,1148.0,W,W,0.7023682201481165,0.18672744038177463,0.1109043394701089,W
4362816,2025-04-02,30.0,30. Matchday,Southampton Football Club,Crystal Palace Football Club,180.0,873.0,L,D,0.26790597020906987,0.33031474935939614,0.40177928043153394,D
4362817,2025-04-02,30.0,30. Matchday,Liverpool Football Club,Everton Football Club,31.0,29.0,W,W,0.9053002613339299,0.07328590905134681,0.021413829614723188,W
4362813,2025-04-03,30.0,30. Matchday,Chelsea Football Club,Tottenham Hotspur Football Club,631.0,148.0,W,W,0.8145309628178409,0.14059054079874872,0.044878496383410404,W
4362818,2025-04-05,31.0,31. Matchday,Aston Villa Football Club,Nottingham Forest Football Club,405.0,703.0,W,L,0.4468490022388262,0.22648122723243105,0.3266697705287427,W
4362820,2025-04-05,31.0,31. Matchday,Crystal Palace Football Club,Brighton and Hove Albion Football Club,873.0,1237.0,W,W,0.42682404690099846,0.29604953881331314,0.27712641428568835,W
4362821,2025-04-05,31.0,31. Matchday,Everton Football Club,Arsenal Football Club,29.0,11.0,L,L,0.07728407399543576,0.19056282320105314,0.7321531028035111,D
4362823,2025-04-05,31.0,31. Matchday,Ipswich Town Football Club,Wolverhampton Wanderers Football Club,677.0,543.0,W,W,0.4226733537017673,0.3853689324204715,0.19195771387776128,L
4362827,2025-04-05,31.0,31. Matchday,West Ham United Football Club,Association Football Club Bournemouth,379.0,989.0,L,D,0.24421605936016205,0.312006308545692,0.4437776320941459,D
4362819,2025-04-06,31.0,31. Matchday,Brentford Football Club,Chelsea Football Club,1148.0,631.0,L,D,0.14417227255490084,0.2573039115196305,0.5985238159254687,D
4362822,2025-04-06,31.0,31. Matchday,Fulham Football Club,Liverpool Football Club,931.0,31.0,L,W,0.13708535338512548,0.17806092960255004,0.6848537170123244,W
4362825,2025-04-06,31.0,31. Matchday,Manchester United Football Club,Manchester City Football Club,985.0,281.0,L,D,0.13508673698548693,0.1869461655721203,0.6779670974423927,D
4362826,2025-04-06,31.0,31. Matchday,Tottenham Hotspur Football Club,Southampton Football Club,148.0,180.0,W,D,0.4942698854001374,0.24368629035573766,0.2620438242441248,W
4362824,2025-04-07,31.0,31. Matchday,Leicester City Football Club,Newcastle United Football Club,1003.0,762.0,L,L,0.15858111239409714,0.22063497523599365,0.6207839123699093,L
